<?xml version="1.0" encoding="UTF-8" ?>
<c3p0-config>
    <default-config>
        <property name="jdbcUrl">jdbc:mysql://localhost:3306/bookstore?useSSL=true
        </property>
        <property name="driverClass">com.mysql.jdbc.Driver</property>
        <property name="user">root</property>
        <property name="password">123456</property>
        <property name="initialPoolSize">3</property>
        <property name="maxPoolSize">6</property>
        <property name="maxIdleTime">1000</property>
    </default-config>
</c3p0-config>